{
    "PinkLizard": {
        "Travelling": [
            "What?is that...?",
            "Let me have a look...?",
            "wanna...get there..."
        ],
        "Idle": [
            "So quiet...",
            "No prey...",
            "Break time..."
        ],
        "IdleFriend": [
            "Friend...",
            "Follow them...",
            "Mylord..."
        ],
        "Hunt": [
            "Food!",
            "Follow it!",
            "Holdit!"
        ],
        "Flee": [
            "Monster?!",
            "Run!",
            "Watch out!"
        ],
        "EscapeRain": [
            "It's raining!",
            "Flood...is coming...",
            "Go Home!",
            "I am leaving!"
        ],
        "ReturnPrey": [
            "Food...gotcha...",
            "Go back...",
            "Store it..."
        ],
        "Injured": [
            "It hurts!",
            "Ouch!",
            "Ah!"
        ],
        "Fighting": [
            "Bite!",
            "Fight!",
            "Halt!"
        ],
        "Frustrated": [
            "It flees...",
            "What a pity...",
            "I failed..."
        ],
        "ActingOutMission": [
            "Go away!",
            "Stand back!",
            "Back off!"
        ],
        "Lurk": [],
        "Standard": [],
        "HearSound": [
            "What's that noise?",
            "Have a look...",
            "Prey?"
        ],
        "InvestigateSound": [
            "Take a look...",
            "Pray?"
        ],
        "PreyReSpotted": [
            "You again!",
            "Don't move!"
        ],
        "PreySpotted": [
            "Food!",
            "Freeze!",
            "Want to eat..."
        ],
        "FightingStance": [
            "Go away!",
            "Back off!",
            "Go to hell!",
            "Get out of there!"
        ],
        "ThreatSpotted": [
            "Monster!",
            "Run!",
            "Hide!"
        ],
        "ThreatReSpotted": [
            "Again?!",
            "Please go...",
            "Hide again..."
        ],
        "ShootTongue": [
            "Give me this",
            "I'll take it!"  
        ],
        "Spit": [],
        "Lounge": [
            "Come here!",
            "I'll kill you!",
            "Don't move!"
        ],
        "ShakePrey": [
            "Now you can't run away!",
            "nice...",
            "Success..."
        ]
    },
    "GreenLizard": {
        "Travelling":[],
        "Idle": [],
        "IdleFriend":[],
        "Hunt": [],
        "Flee": [],
        "EscapeRain": [],
        "ReturnPrey": [],
        "Injured": [],
        "Fighting": [],
        "Frustrated": [],
        "ActingOutMission": [],
        "Lurk": [],
        "Standard": [],
        "HearSound": [],
        "InvestigateSound": [],
        "PreyReSpotted": [],
        "PreySpotted": [],
        "FightingStance": [],
        "ThreatSpotted": [],
        "ThreatReSpotted": [],
        "ShootTongue": [],
        "Spit": [],
        "Lounge": [],
        "ShakePrey": []
    },
    "BlueLizard": {
        "Travelling":[],
        "Idle": [],
        "IdleFriend":[],
        "Hunt": [],
        "Flee": [],
        "EscapeRain": [],
        "ReturnPrey": [],
        "Injured": [],
        "Fighting": [],
        "Frustrated": [],
        "ActingOutMission": [],
        "Lurk": [],
        "Standard": [],
        "HearSound": [],
        "InvestigateSound": [],
        "PreyReSpotted": [],
        "PreySpotted": [],
        "FightingStance": [],
        "ThreatSpotted": [],
        "ThreatReSpotted": [],
        "ShootTongue": [],
        "Spit": [],
        "Lounge": [],
        "ShakePrey": []
    },
    "YellowLizard": {
        "Travelling":[],
        "Idle": [],
        "IdleFriend":[],
        "Hunt": [],
        "Flee": [],
        "EscapeRain": [],
        "ReturnPrey": [],
        "Injured": [],
        "Fighting": [],
        "Frustrated": [],
        "ActingOutMission": [],
        "Lurk": [],
        "Standard": [],
        "HearSound": [],
        "InvestigateSound": [],
        "PreyReSpotted": [],
        "PreySpotted": [],
        "FightingStance": [],
        "ThreatSpotted": [],
        "ThreatReSpotted": [],
        "ShootTongue": [],
        "Spit": [],
        "Lounge": [],
        "ShakePrey": []
    },
    "WhiteLizard": {
        "Travelling":[],
        "Idle": [],
        "IdleFriend":[],
        "Hunt": [],
        "Flee": [],
        "EscapeRain": [],
        "ReturnPrey": [],
        "Injured": [],
        "Fighting": [],
        "Frustrated": [],
        "ActingOutMission": [],
        "Lurk": [],
        "Standard": [],
        "HearSound": [],
        "InvestigateSound": [],
        "PreyReSpotted": [],
        "PreySpotted": [],
        "FightingStance": [],
        "ThreatSpotted": [],
        "ThreatReSpotted": [],
        "ShootTongue": [],
        "Spit": [],
        "Lounge": [],
        "ShakePrey": []
    },
    "RedLizard": {
        "Travelling":[],
        "Idle": [],
        "IdleFriend":[],
        "Hunt": [],
        "Flee": [],
        "EscapeRain": [],
        "ReturnPrey": [],
        "Injured": [],
        "Fighting": [],
        "Frustrated": [],
        "ActingOutMission": [],
        "Lurk": [],
        "Standard": [],
        "HearSound": [],
        "InvestigateSound": [],
        "PreyReSpotted": [],
        "PreySpotted": [],
        "FightingStance": [],
        "ThreatSpotted": [],
        "ThreatReSpotted": [],
        "ShootTongue": [],
        "Spit": [],
        "Lounge": [],
        "ShakePrey": []
    },
    "BlackLizard": {
        "Travelling":[],
        "Idle": [],
        "IdleFriend":[],
        "Hunt": [],
        "Flee": [],
        "EscapeRain": [],
        "ReturnPrey": [],
        "Injured": [],
        "Fighting": [],
        "Frustrated": [],
        "ActingOutMission": [],
        "Lurk": [],
        "Standard": [],
        "HearSound": [],
        "InvestigateSound": [],
        "PreyReSpotted": [],
        "PreySpotted": [],
        "FightingStance": [],
        "ThreatSpotted": [],
        "ThreatReSpotted": [],
        "ShootTongue": [],
        "Spit": [],
        "Lounge": [],
        "ShakePrey": []
    },
    "Salamander": {
        "Travelling":[],
        "Idle": [],
        "IdleFriend":[],
        "Hunt": [],
        "Flee": [],
        "EscapeRain": [],
        "ReturnPrey": [],
        "Injured": [],
        "Fighting": [],
        "Frustrated": [],
        "ActingOutMission": [],
        "Lurk": [],
        "Standard": [],
        "HearSound": [],
        "InvestigateSound": [],
        "PreyReSpotted": [],
        "PreySpotted": [],
        "FightingStance": [],
        "ThreatSpotted": [],
        "ThreatReSpotted": [],
        "ShootTongue": [],
        "Spit": [],
        "Lounge": [],
        "ShakePrey": []
    },
    "CyanLizard": {
        "Travelling":[],
        "Idle": [],
        "IdleFriend":[],
        "Hunt": [],
        "Flee": [],
        "EscapeRain": [],
        "ReturnPrey": [],
        "Injured": [],
        "Fighting": [],
        "Frustrated": [],
        "ActingOutMission": [],
        "Lurk": [],
        "Standard": [],
        "HearSound": [],
        "InvestigateSound": [],
        "PreyReSpotted": [],
        "PreySpotted": [],
        "FightingStance": [],
        "ThreatSpotted": [],
        "ThreatReSpotted": [],
        "ShootTongue": [],
        "Spit": [],
        "Lounge": [],
        "ShakePrey": []
    },
    "SpitLizard": {
        "Travelling":[],
        "Idle": [],
        "IdleFriend":[],
        "Hunt": [],
        "Flee": [],
        "EscapeRain": [],
        "ReturnPrey": [],
        "Injured": [],
        "Fighting": [],
        "Frustrated": [],
        "ActingOutMission": [],
        "Lurk": [],
        "Standard": [],
        "HearSound": [],
        "InvestigateSound": [],
        "PreyReSpotted": [],
        "PreySpotted": [],
        "FightingStance": [],
        "ThreatSpotted": [],
        "ThreatReSpotted": [],
        "ShootTongue": [],
        "Spit": [],
        "Lounge": [],
        "ShakePrey": []
    },
    "EelLizard": {
        "Travelling":[],
        "Idle": [],
        "IdleFriend":[],
        "Hunt": [],
        "Flee": [],
        "EscapeRain": [],
        "ReturnPrey": [],
        "Injured": [],
        "Fighting": [],
        "Frustrated": [],
        "ActingOutMission": [],
        "Lurk": [],
        "Standard": [],
        "HearSound": [],
        "InvestigateSound": [],
        "PreyReSpotted": [],
        "PreySpotted": [],
        "FightingStance": [],
        "ThreatSpotted": [],
        "ThreatReSpotted": [],
        "ShootTongue": [],
        "Spit": [],
        "Lounge": [],
        "ShakePrey": []
    },
    "ZoopLizard": {
        "Travelling":[],
        "Idle": [],
        "IdleFriend":[],
        "Hunt": [],
        "Flee": [],
        "EscapeRain": [],
        "ReturnPrey": [],
        "Injured": [],
        "Fighting": [],
        "Frustrated": [],
        "ActingOutMission": [],
        "Lurk": [],
        "Standard": [],
        "HearSound": [],
        "InvestigateSound": [],
        "PreyReSpotted": [],
        "PreySpotted": [],
        "FightingStance": [],
        "ThreatSpotted": [],
        "ThreatReSpotted": [],
        "ShootTongue": [],
        "Spit": [],
        "Lounge": [],
        "ShakePrey": []
    }
}